Participatory-Exploratory-1-1, g;g
Participatory-1-1-1, g;g
Participatory-1-1-1, g;g
Participatory-1-1-1, g;g
Participatory-1-1-1, g;g
Observational-Exploratory-1-1, g;g
Observational-2-1-1, g;g
Observational-2-1-1, g;g
Observational-2-1-1, g;g
Observational-2-1-1, g;g
Self Reporting-Exploratory-1-1, g;g
Self Reporting-3-1-1, g;g
Self Reporting-3-1-1, g;g
Self Reporting-3-1-1, g;g
Self Reporting-3-1-1, g;g
Expert Review-Exploratory-2-1, g;g
Expert Review-1-2-1, g;g
Expert Review-1-2-1, g;g
Expert Review-1-2-1, g;g
Expert Review-1-2-1, g;g
Design Process-Exploratory-2-1, g;g
Design Process-2-2-1, g;g
Design Process-2-2-1, g;g
Design Process-2-2-1, g;g
Design Process-2-2-1, g;g
